,Product_Names,Product_Prices,Product_Description,Product_Reviews,Product_History
0,"Apple iPhone 15 (Black, 128 GB)","₹58,999","128 GB ROM15.49 cm (6.1 inch) Super Retina XDR Display48MP + 12MP | 12MP Front CameraA16 Bionic Chip, 6 Core Processor Processor1 year warranty for phone and 1 year warranty for in Box Accessories.",4.6,"2,30,161 Ratings & 8,260 Reviews"
1,"Apple iPhone 15 Plus (Black, 128 GB)","₹63,999","128 GB ROM17.02 cm (6.7 inch) Super Retina XDR Display48MP + 12MP | 12MP Front CameraA16 Bionic Chip, 6 Core Processor Processor1 year warranty for phone and 1 year warranty for in Box Accessories.",4.6,"36,344 Ratings & 2,088 Reviews"
2,"Apple iPhone 15 Plus (Green, 128 GB)","₹63,999","128 GB ROM17.02 cm (6.7 inch) Super Retina XDR Display48MP + 12MP | 12MP Front CameraA16 Bionic Chip, 6 Core Processor Processor1 year warranty for phone and 1 year warranty for in Box Accessories.",4.6,"36,344 Ratings & 2,088 Reviews"
3,"Apple iPhone 15 (Green, 128 GB)","₹58,999","128 GB ROM15.49 cm (6.1 inch) Super Retina XDR Display48MP + 12MP | 12MP Front CameraA16 Bionic Chip, 6 Core Processor Processor1 year warranty for phone and 1 year warranty for in Box Accessories.",4.6,"2,30,161 Ratings & 8,260 Reviews"
4,"Apple iPhone 15 (Pink, 128 GB)","₹58,999","128 GB ROM15.49 cm (6.1 inch) Super Retina XDR Display48MP + 12MP | 12MP Front CameraA16 Bionic Chip, 6 Core Processor Processor1 year warranty for phone and 1 year warranty for in Box Accessories.",4.6,"2,30,161 Ratings & 8,260 Reviews"
5,"Apple iPhone 15 Plus (Pink, 128 GB)","₹63,999","128 GB ROM17.02 cm (6.7 inch) Super Retina XDR Display48MP + 12MP | 12MP Front CameraA16 Bionic Chip, 6 Core Processor Processor1 year warranty for phone and 1 year warranty for in Box Accessories.",4.6,"36,344 Ratings & 2,088 Reviews"
6,"Apple iPhone 15 (Blue, 128 GB)","₹58,999","128 GB ROM15.49 cm (6.1 inch) Super Retina XDR Display48MP + 12MP | 12MP Front CameraA16 Bionic Chip, 6 Core Processor Processor1 year warranty for phone and 1 year warranty for in Box Accessories.",4.6,"2,30,161 Ratings & 8,260 Reviews"
7,"Apple iPhone 15 Plus (Blue, 128 GB)","₹63,999","128 GB ROM17.02 cm (6.7 inch) Super Retina XDR Display48MP + 12MP | 12MP Front CameraA16 Bionic Chip, 6 Core Processor Processor1 year warranty for phone and 1 year warranty for in Box Accessories.",4.6,"36,344 Ratings & 2,088 Reviews"
8,"Apple iPhone 16 (Teal, 128 GB)","₹79,900","128 GB ROM15.49 cm (6.1 inch) Super Retina XDR Display48MP + 12MP | 12MP Front CameraA18 Chip, 6 Core Processor Processor1 year warranty for phone and 1 year warranty for in Box Accessories.",4.6,"1,625 Ratings & 59 Reviews"
9,"Apple iPhone 16 (Ultramarine, 256 GB)","₹89,900","256 GB ROM15.49 cm (6.1 inch) Super Retina XDR Display48MP + 12MP | 12MP Front CameraA18 Chip, 6 Core Processor Processor1 year warranty for phone and 1 year warranty for in Box Accessories.",4.6,"1,625 Ratings & 59 Reviews"
10,"Apple iPhone 16 (Teal, 256 GB)","₹89,900","256 GB ROM15.49 cm (6.1 inch) Super Retina XDR Display48MP + 12MP | 12MP Front CameraA18 Chip, 6 Core Processor Processor1 year warranty for phone and 1 year warranty for in Box Accessories.",4.6,"1,625 Ratings & 59 Reviews"
11,"Apple iPhone 16 (Ultramarine, 128 GB)","₹79,900","128 GB ROM15.49 cm (6.1 inch) Super Retina XDR Display48MP + 12MP | 12MP Front CameraA18 Chip, 6 Core Processor Processor1 year warranty for phone and 1 year warranty for in Box Accessories.",4.6,"1,625 Ratings & 59 Reviews"
12,"Apple iPhone 16 Pro (Desert Titanium, 128 GB)","₹1,19,900","128 GB ROM16.0 cm (6.3 inch) Super Retina XDR Display48MP + 48MP + 12MP | 12MP Front CameraA18 Pro Chip, 6 Core Processor Processor1 year warranty for phone and 1 year warranty for in Box Accessories.",4.7,531 Ratings & 33 Reviews
13,"Apple iPhone 16 (Black, 128 GB)","₹79,900","128 GB ROM15.49 cm (6.1 inch) Super Retina XDR Display48MP + 12MP | 12MP Front CameraA18 Chip, 6 Core Processor Processor1 year warranty for phone and 1 year warranty for in Box Accessories.",4.6,"1,625 Ratings & 59 Reviews"
14,"Apple iPhone 16 (White, 128 GB)","₹79,900","128 GB ROM15.49 cm (6.1 inch) Super Retina XDR Display48MP + 12MP | 12MP Front CameraA18 Chip, 6 Core Processor Processor1 year warranty for phone and 1 year warranty for in Box Accessories.",4.6,"1,625 Ratings & 59 Reviews"
15,"Apple iPhone 16 Plus (White, 256 GB)","₹99,900","256 GB ROM17.02 cm (6.7 inch) Super Retina XDR Display48MP + 12MP | 12MP Front CameraA18 Chip, 6 Core Processor Processor1 year warranty for phone and 1 year warranty for in Box Accessories.",4.7,413 Ratings & 36 Reviews
16,"Apple iPhone 16 (White, 256 GB)","₹89,900","256 GB ROM15.49 cm (6.1 inch) Super Retina XDR Display48MP + 12MP | 12MP Front CameraA18 Chip, 6 Core Processor Processor1 year warranty for phone and 1 year warranty for in Box Accessories.",4.6,"1,625 Ratings & 59 Reviews"
17,"Apple iPhone 16 Pro (Black Titanium, 256 GB)","₹1,29,900","256 GB ROM16.0 cm (6.3 inch) Super Retina XDR Display48MP + 48MP + 12MP | 12MP Front CameraA18 Pro Chip, 6 Core Processor Processor1 year warranty for phone and 1 year warranty for in Box Accessories.",4.7,531 Ratings & 33 Reviews
18,"Apple iPhone 16 Plus (Black, 256 GB)","₹99,900","256 GB ROM17.02 cm (6.7 inch) Super Retina XDR Display48MP + 12MP | 12MP Front CameraA18 Chip, 6 Core Processor Processor1 year warranty for phone and 1 year warranty for in Box Accessories.",4.7,413 Ratings & 36 Reviews
19,"Apple iPhone 16 Pro (Black Titanium, 128 GB)","₹1,19,900","128 GB ROM16.0 cm (6.3 inch) Super Retina XDR Display48MP + 48MP + 12MP | 12MP Front CameraA18 Pro Chip, 6 Core Processor Processor1 year warranty for phone and 1 year warranty for in Box Accessories.",4.7,531 Ratings & 33 Reviews
20,"Apple iPhone 15 (Yellow, 128 GB)","₹58,999","128 GB ROM15.49 cm (6.1 inch) Super Retina XDR Display48MP + 12MP | 12MP Front CameraA16 Bionic Chip, 6 Core Processor Processor1 year warranty for phone and 1 year warranty for in Box Accessories.",4.6,"2,30,161 Ratings & 8,260 Reviews"
21,"Apple iPhone 16 Pro (Natural Titanium, 128 GB)","₹1,19,900","128 GB ROM16.0 cm (6.3 inch) Super Retina XDR Display48MP + 48MP + 12MP | 12MP Front CameraA18 Pro Chip, 6 Core Processor Processor1 year warranty for phone and 1 year warranty for in Box Accessories.",4.7,531 Ratings & 33 Reviews
22,"Apple iPhone 16 Plus (White, 128 GB)","₹89,900","128 GB ROM17.02 cm (6.7 inch) Super Retina XDR Display48MP + 12MP | 12MP Front CameraA18 Chip, 6 Core Processor Processor1 year warranty for phone and 1 year warranty for in Box Accessories.",4.7,413 Ratings & 36 Reviews
23,"Apple iPhone 16 Plus (Black, 128 GB)","₹89,900","128 GB ROM17.02 cm (6.7 inch) Super Retina XDR Display48MP + 12MP | 12MP Front CameraA18 Chip, 6 Core Processor Processor1 year warranty for phone and 1 year warranty for in Box Accessories.",4.7,413 Ratings & 36 Reviews
24,"Apple iPhone 12 (Blue, 128 GB)","₹54,900","128 GB ROM15.49 cm (6.1 inch) Super Retina XDR Display12MP + 12MP | 12MP Front CameraA14 Bionic Chip with Next Generation Neural Engine ProcessorCeramic ShieldIndustry-leading IP68 Water ResistanceAll Screen OLED Display12MP TrueDepth Front Camera with Night Mode, 4K Dolby Vision HDR Recording1 year warranty for phone and 1 year warranty for in Box Accessories.",4.6,"2,11,825 Ratings & 13,928 Reviews"
25,"Apple iPhone 15 (Blue, 512 GB)","₹99,900","512 GB ROM15.49 cm (6.1 inch) Super Retina XDR Display48MP + 12MP | 12MP Front CameraA16 Bionic Chip, 6 Core Processor Processor1 year warranty for phone and 1 year warranty for in Box Accessories.",4.6,"2,30,161 Ratings & 8,260 Reviews"
26,"Apple iPhone 16 Pro Max (Desert Titanium, 256 GB)","₹1,44,900","256 GB ROM17.53 cm (6.9 inch) Super Retina XDR Display48MP + 48MP + 12MP | 12MP Front CameraA18 Pro Chip, 6 Core Processor Processor1 year warranty for phone and 1 year warranty for in Box Accessories.",4.6,311 Ratings & 34 Reviews
27,"Apple iPhone 16 Pro Max (Natural Titanium, 512 GB)","₹1,64,900","512 GB ROM17.53 cm (6.9 inch) Super Retina XDR Display48MP + 48MP + 12MP | 12MP Front CameraA18 Pro Chip, 6 Core Processor Processor1 year warranty for phone and 1 year warranty for in Box Accessories.",4.6,311 Ratings & 34 Reviews
28,"Apple iPhone 16 Pro Max (Black Titanium, 256 GB)","₹1,44,900","256 GB ROM17.53 cm (6.9 inch) Super Retina XDR Display48MP + 48MP + 12MP | 12MP Front CameraA18 Pro Chip, 6 Core Processor Processor1 year warranty for phone and 1 year warranty for in Box Accessories.",4.6,311 Ratings & 34 Reviews
29,"Apple iPhone 16 Pro Max (White Titanium, 256 GB)","₹1,44,900","256 GB ROM17.53 cm (6.9 inch) Super Retina XDR Display48MP + 48MP + 12MP | 12MP Front CameraA18 Pro Chip, 6 Core Processor Processor1 year warranty for phone and 1 year warranty for in Box Accessories.",4.6,311 Ratings & 34 Reviews
30,"Apple iPhone 16 (Pink, 256 GB)","₹89,900","256 GB ROM15.49 cm (6.1 inch) Super Retina XDR Display48MP + 12MP | 12MP Front CameraA18 Chip, 6 Core Processor Processor1 year warranty for phone and 1 year warranty for in Box Accessories.",4.6,"1,625 Ratings & 59 Reviews"
31,"Apple iPhone 16 Pro (Natural Titanium, 256 GB)","₹1,29,900","256 GB ROM16.0 cm (6.3 inch) Super Retina XDR Display48MP + 48MP + 12MP | 12MP Front CameraA18 Pro Chip, 6 Core Processor Processor1 year warranty for phone and 1 year warranty for in Box Accessories.",4.7,531 Ratings & 33 Reviews
32,"Apple iPhone 15 (Black, 256 GB)","₹79,900","256 GB ROM15.49 cm (6.1 inch) Super Retina XDR Display48MP + 12MP | 12MP Front CameraA16 Bionic Chip, 6 Core Processor Processor1 year warranty for phone and 1 year warranty for in Box Accessories.",4.6,"2,30,161 Ratings & 8,260 Reviews"
33,"Apple iPhone 16 Plus (Pink, 256 GB)","₹99,900","256 GB ROM17.02 cm (6.7 inch) Super Retina XDR Display48MP + 12MP | 12MP Front CameraA18 Chip, 6 Core Processor Processor1 year warranty for phone and 1 year warranty for in Box Accessories.",4.7,413 Ratings & 36 Reviews
34,"Apple iPhone 15 (Black, 512 GB)","₹99,900","512 GB ROM15.49 cm (6.1 inch) Super Retina XDR Display48MP + 12MP | 12MP Front CameraA16 Bionic Chip, 6 Core Processor Processor1 year warranty for phone and 1 year warranty for in Box Accessories.",4.6,"2,30,161 Ratings & 8,260 Reviews"
35,"Apple iPhone 16 Pro (White Titanium, 128 GB)","₹1,19,900","128 GB ROM16.0 cm (6.3 inch) Super Retina XDR Display48MP + 48MP + 12MP | 12MP Front CameraA18 Pro Chip, 6 Core Processor Processor1 year warranty for phone and 1 year warranty for in Box Accessories.",4.7,531 Ratings & 33 Reviews
36,"Apple iPhone 16 (Black, 256 GB)","₹89,900","256 GB ROM15.49 cm (6.1 inch) Super Retina XDR Display48MP + 12MP | 12MP Front CameraA18 Chip, 6 Core Processor Processor1 year warranty for phone and 1 year warranty for in Box Accessories.",4.6,"1,625 Ratings & 59 Reviews"
37,"Apple iPhone 16 Plus (Ultramarine, 256 GB)","₹99,900","256 GB ROM17.02 cm (6.7 inch) Super Retina XDR Display48MP + 12MP | 12MP Front CameraA18 Chip, 6 Core Processor Processor1 year warranty for phone and 1 year warranty for in Box Accessories.",4.7,413 Ratings & 36 Reviews
38,"Apple iPhone 16 Plus (Teal, 128 GB)","₹89,900","128 GB ROM17.02 cm (6.7 inch) Super Retina XDR Display48MP + 12MP | 12MP Front CameraA18 Chip, 6 Core Processor Processor1 year warranty for phone and 1 year warranty for in Box Accessories.",4.7,413 Ratings & 36 Reviews
39,"Apple iPhone 16 (Pink, 128 GB)","₹79,900","128 GB ROM15.49 cm (6.1 inch) Super Retina XDR Display48MP + 12MP | 12MP Front CameraA18 Chip, 6 Core Processor Processor1 year warranty for phone and 1 year warranty for in Box Accessories.",4.6,"1,625 Ratings & 59 Reviews"
40,"Apple iPhone 12 (White, 64 GB)","₹49,900","64 GB ROM15.49 cm (6.1 inch) Super Retina XDR Display12MP + 12MP | 12MP Front CameraA14 Bionic Chip with Next Generation Neural Engine ProcessorCeramic ShieldIndustry-leading IP68 Water ResistanceAll Screen OLED Display12MP TrueDepth Front Camera with Night Mode, 4K Dolby Vision HDR Recording1 year warranty for phone and 1 year warranty for in Box Accessories.",4.6,"2,11,825 Ratings & 13,928 Reviews"
41,"Apple iPhone 14 Plus (Starlight, 128 GB)","₹56,999","128 GB ROM17.02 cm (6.7 inch) Super Retina XDR Display12MP + 12MP | 12MP Front CameraA15 Bionic Chip, 6 Core Processor Processor1 year warranty for phone and 1 year warranty for in Box Accessories.",4.6,"84,625 Ratings & 4,734 Reviews"
42,"Apple iPhone 16 Pro (White Titanium, 1 TB)","₹1,69,900","1 TB ROM16.0 cm (6.3 inch) Super Retina XDR Display48MP + 48MP + 12MP | 12MP Front CameraA18 Pro Chip, 6 Core Processor Processor1 year warranty for phone and 1 year warranty for in Box Accessories.",4.7,531 Ratings & 33 Reviews
43,"Apple iPhone 15 (Green, 256 GB)","₹79,900","256 GB ROM15.49 cm (6.1 inch) Super Retina XDR Display48MP + 12MP | 12MP Front CameraA16 Bionic Chip, 6 Core Processor Processor1 year warranty for phone and 1 year warranty for in Box Accessories.",4.6,"2,30,161 Ratings & 8,260 Reviews"
44,"Apple iPhone 16 Pro (White Titanium, 512 GB)","₹1,49,900","512 GB ROM16.0 cm (6.3 inch) Super Retina XDR Display48MP + 48MP + 12MP | 12MP Front CameraA18 Pro Chip, 6 Core Processor Processor1 year warranty for phone and 1 year warranty for in Box Accessories.",4.7,531 Ratings & 33 Reviews
45,"Apple iPhone 16 Plus (Ultramarine, 128 GB)","₹89,900","128 GB ROM17.02 cm (6.7 inch) Super Retina XDR Display48MP + 12MP | 12MP Front CameraA18 Chip, 6 Core Processor Processor1 year warranty for phone and 1 year warranty for in Box Accessories.",4.7,413 Ratings & 36 Reviews
46,"Apple iPhone 16 (Black, 512 GB)","₹1,09,900","512 GB ROM15.49 cm (6.1 inch) Super Retina XDR Display48MP + 12MP | 12MP Front CameraA18 Chip, 6 Core Processor Processor1 year warranty for phone and 1 year warranty for in Box Accessories.",4.6,"1,625 Ratings & 59 Reviews"
47,"Apple iPhone 16 Pro Max (Natural Titanium, 256 GB)","₹1,44,900","256 GB ROM17.53 cm (6.9 inch) Super Retina XDR Display48MP + 48MP + 12MP | 12MP Front CameraA18 Pro Chip, 6 Core Processor Processor1 year warranty for phone and 1 year warranty for in Box Accessories.",4.6,311 Ratings & 34 Reviews
48,"Apple iPhone 16 Pro (White Titanium, 512 GB)","₹1,49,900","512 GB ROM16.0 cm (6.3 inch) Super Retina XDR Display48MP + 48MP + 12MP | 12MP Front CameraA18 Pro Chip, 6 Core Processor Processor1 year warranty for phone and 1 year warranty for in Box Accessories.",4.7,531 Ratings & 33 Reviews
49,"Apple iPhone 15 (Blue, 256 GB)","₹79,900","256 GB ROM15.49 cm (6.1 inch) Super Retina XDR Display48MP + 12MP | 12MP Front CameraA16 Bionic Chip, 6 Core Processor Processor1 year warranty for phone and 1 year warranty for in Box Accessories.",4.6,"2,30,161 Ratings & 8,260 Reviews"
50,"Apple iPhone 13 (Blue, 256 GB)","₹59,900",256 GB ROM15.49 cm (6.1 inch) Super Retina XDR Display12MP + 12MP | 12MP Front CameraA15 Bionic Chip Processor1 year warranty for phone and 1 year warranty for in Box Accessories.,4.6,"2,86,117 Ratings & 13,732 Reviews"
51,"Apple iPhone 16 Pro Max (Black Titanium, 1 TB)","₹1,84,900","1 TB ROM17.53 cm (6.9 inch) Super Retina XDR Display48MP + 48MP + 12MP | 12MP Front CameraA18 Pro Chip, 6 Core Processor Processor1 year warranty for phone and 1 year warranty for in Box Accessories.",4.6,311 Ratings & 34 Reviews
52,"Apple iPhone 11 (Black, 128 GB)","₹48,900",128 GB ROM15.49 cm (6.1 inch) Liquid Retina HD Display12MP + 12MP | 12MP Front CameraA13 Bionic Chip Processor1 year warranty for phone and 1 year warranty for in Box Accessories.,4.6,"2,05,762 Ratings & 11,416 Reviews"
53,"Apple iPhone 14 Plus (Blue, 256 GB)","₹66,999","256 GB ROM17.02 cm (6.7 inch) Super Retina XDR Display12MP + 12MP | 12MP Front CameraA15 Bionic Chip, 6 Core Processor Processor1 year warranty for phone and 1 year warranty for in Box Accessories.",4.6,"84,625 Ratings & 4,734 Reviews"
54,"Apple iPhone 11 (Black, 64 GB)","₹43,900",64 GB ROM15.49 cm (6.1 inch) Liquid Retina HD Display12MP + 12MP | 12MP Front CameraA13 Bionic Chip Processor1 year warranty for phone and 1 year warranty for in Box Accessories.,4.6,"2,05,762 Ratings & 11,416 Reviews"
55,"Apple iPhone 15 Plus (Blue, 256 GB)","₹73,999","256 GB ROM17.02 cm (6.7 inch) Super Retina XDR Display48MP + 12MP | 12MP Front CameraA16 Bionic Chip, 6 Core Processor Processor1 year warranty for phone and 1 year warranty for in Box Accessories.",4.6,"36,344 Ratings & 2,088 Reviews"
56,"Apple iPhone 16 Pro (White Titanium, 256 GB)","₹1,29,900","256 GB ROM16.0 cm (6.3 inch) Super Retina XDR Display48MP + 48MP + 12MP | 12MP Front CameraA18 Pro Chip, 6 Core Processor Processor1 year warranty for phone and 1 year warranty for in Box Accessories.",4.7,531 Ratings & 33 Reviews
57,"Apple iPhone 16 Plus (Pink, 128 GB)","₹89,900","128 GB ROM17.02 cm (6.7 inch) Super Retina XDR Display48MP + 12MP | 12MP Front CameraA18 Chip, 6 Core Processor Processor1 year warranty for phone and 1 year warranty for in Box Accessories.",4.7,413 Ratings & 36 Reviews
58,"Apple iPhone 12 (White, 128 GB)","₹54,900","128 GB ROM15.49 cm (6.1 inch) Super Retina XDR Display12MP + 12MP | 12MP Front CameraA14 Bionic Chip with Next Generation Neural Engine ProcessorCeramic ShieldIndustry-leading IP68 Water ResistanceAll Screen OLED Display12MP TrueDepth Front Camera with Night Mode, 4K Dolby Vision HDR Recording1 year warranty for phone and 1 year warranty for in Box Accessories.",4.6,"2,11,825 Ratings & 13,928 Reviews"
59,"Apple iPhone 16 Plus (Ultramarine, 512 GB)","₹1,19,900","512 GB ROM17.02 cm (6.7 inch) Super Retina XDR Display48MP + 12MP | 12MP Front CameraA18 Chip, 6 Core Processor Processor1 year warranty for phone and 1 year warranty for in Box Accessories.",4.7,413 Ratings & 36 Reviews
60,"Apple iPhone 16 Pro (Desert Titanium, 256 GB)","₹1,29,900","256 GB ROM16.0 cm (6.3 inch) Super Retina XDR Display48MP + 48MP + 12MP | 12MP Front CameraA18 Pro Chip, 6 Core Processor Processor1 year warranty for phone and 1 year warranty for in Box Accessories.",4.7,531 Ratings & 33 Reviews
61,"Apple iPhone 16 (Ultramarine, 512 GB)","₹1,09,900","512 GB ROM15.49 cm (6.1 inch) Super Retina XDR Display48MP + 12MP | 12MP Front CameraA18 Chip, 6 Core Processor Processor1 year warranty for phone and 1 year warranty for in Box Accessories.",4.6,"1,625 Ratings & 59 Reviews"
62,"Apple iPhone 16 Pro (Black Titanium, 512 GB)","₹1,49,900","512 GB ROM16.0 cm (6.3 inch) Super Retina XDR Display48MP + 48MP + 12MP | 12MP Front CameraA18 Pro Chip, 6 Core Processor Processor1 year warranty for phone and 1 year warranty for in Box Accessories.",4.7,531 Ratings & 33 Reviews
63,"Apple iPhone 16 Pro (Black Titanium, 1 TB)","₹1,69,900","1 TB ROM16.0 cm (6.3 inch) Super Retina XDR Display48MP + 48MP + 12MP | 12MP Front CameraA18 Pro Chip, 6 Core Processor Processor1 year warranty for phone and 1 year warranty for in Box Accessories.",4.7,531 Ratings & 33 Reviews
64,"Apple iPhone 12 Pro (Pacific Blue, 128 GB)","₹1,09,900","128 GB ROM15.49 cm (6.1 inch) Super Retina XDR Display12MP + 12MP + 12MP | 12MP Front CameraA14 Bionic Chip with Next Generation Neural Engine ProcessorCeramic Shield | Industry-leading IP68 Water ResistanceAll Screen OLED DisplayLiDAR Scanner for Improved AR Experiences, Night Mode Portraits1 year warranty for phone and 1 year warranty for in Box Accessories.",4.5,"1,339 Ratings & 98 Reviews"
65,"Apple iPhone 12 (Black, 256 GB)","₹64,900","256 GB ROM15.49 cm (6.1 inch) Super Retina XDR Display12MP + 12MP | 12MP Front CameraA14 Bionic Chip with Next Generation Neural Engine ProcessorCeramic ShieldIndustry-leading IP68 Water ResistanceAll Screen OLED Display12MP TrueDepth Front Camera with Night Mode, 4K Dolby Vision HDR Recording1 year warranty for phone and 1 year warranty for in Box Accessories.",4.6,"2,11,825 Ratings & 13,928 Reviews"
66,"Apple iPhone 16 Pro (Desert Titanium, 512 GB)","₹1,49,900","512 GB ROM16.0 cm (6.3 inch) Super Retina XDR Display48MP + 48MP + 12MP | 12MP Front CameraA18 Pro Chip, 6 Core Processor Processor1 year warranty for phone and 1 year warranty for in Box Accessories.",4.7,531 Ratings & 33 Reviews
67,"Apple iPhone 14 (Starlight, 256 GB)","₹69,900","256 GB ROM15.49 cm (6.1 inch) Super Retina XDR Display12MP + 12MP | 12MP Front CameraA15 Bionic Chip, 6 Core Processor Processor1 year warranty for phone and 1 year warranty for in Box Accessories.",4.6,"3,08,434 Ratings & 11,640 Reviews"
68,"Apple iPhone 16 (White, 512 GB)","₹1,09,900","512 GB ROM15.49 cm (6.1 inch) Super Retina XDR Display48MP + 12MP | 12MP Front CameraA18 Chip, 6 Core Processor Processor1 year warranty for phone and 1 year warranty for in Box Accessories.",4.6,"1,625 Ratings & 59 Reviews"
69,"Apple iPhone SE (Black, 64 GB)","₹39,900","64 GB ROM11.94 cm (4.7 inch) Retina HD Display12MP Rear Camera | 7MP Front CameraA13 Bionic Chip with 3rd Gen Neural Engine ProcessorWater and Dust Resistant (1 meter for Upto 30 minutes, IP67)Fast Charge CapableWireless charging (Works with Qi Chargers | Qi Chargers are Sold Separately1 year warranty for phone and 1 year warranty for in Box Accessories.",4.5,"1,54,638 Ratings & 12,003 Reviews"
70,"Apple iPhone 8 (Silver, 256 GB)","₹77,000","256 GB ROM11.94 cm (4.7 inch) Retina HD Display12MP Rear Camera | 7MP Front CameraA11 Bionic Chip with 64-bit Architecture, Neural Engine, Embedded M11 Motion Coprocessor ProcessorBrand Warranty of 1 Year",4.5,"11,368 Ratings & 801 Reviews"
71,"Apple iPhone 16 Pro (Natural Titanium, 1 TB)","₹1,69,900","1 TB ROM16.0 cm (6.3 inch) Super Retina XDR Display48MP + 48MP + 12MP | 12MP Front CameraA18 Pro Chip, 6 Core Processor Processor1 year warranty for phone and 1 year warranty for in Box Accessories.",4.7,531 Ratings & 33 Reviews
72,"Apple iPhone 16 Pro (Natural Titanium, 512 GB)","₹1,49,900","512 GB ROM16.0 cm (6.3 inch) Super Retina XDR Display48MP + 48MP + 12MP | 12MP Front CameraA18 Pro Chip, 6 Core Processor Processor1 year warranty for phone and 1 year warranty for in Box Accessories.",4.7,531 Ratings & 33 Reviews
73,"Apple iPhone XR (Black, 128 GB)","₹52,900","128 GB ROM15.49 cm (6.1 inch) Display12MP Rear Camera | 7MP Front CameraA12 Bionic Chip ProcessorWater and Dust Resistant (1 meter for Upto 30 minutes, IP67)Face ID for Secure AuthenticationFast-charge Capable1 year warranty for phone and 1 year warranty for in Box Accessories.",4.6,"1,00,890 Ratings & 8,483 Reviews"
74,"Apple iPhone 16 (Pink, 512 GB)","₹1,09,900","512 GB ROM15.49 cm (6.1 inch) Super Retina XDR Display48MP + 12MP | 12MP Front CameraA18 Chip, 6 Core Processor Processor1 year warranty for phone and 1 year warranty for in Box Accessories.",4.6,"1,625 Ratings & 59 Reviews"
75,"Apple iPhone SE (Black, 128 GB)","₹44,900","128 GB ROM11.94 cm (4.7 inch) Retina HD Display12MP Rear Camera | 7MP Front CameraA13 Bionic Chip with 3rd Gen Neural Engine ProcessorWater and Dust Resistant (1 meter for Upto 30 minutes, IP67)Fast Charge CapableWireless charging (Works with Qi Chargers | Qi Chargers are Sold Separately1 year warranty for phone and 1 year warranty for in Box Accessories.",4.5,"1,54,638 Ratings & 12,003 Reviews"
76,"Apple iPhone 16 Pro Max (Black Titanium, 512 GB)","₹1,64,900","512 GB ROM17.53 cm (6.9 inch) Super Retina XDR Display48MP + 48MP + 12MP | 12MP Front CameraA18 Pro Chip, 6 Core Processor Processor1 year warranty for phone and 1 year warranty for in Box Accessories.",4.6,311 Ratings & 34 Reviews
77,"Apple iPhone 14 (Blue, 256 GB)","₹69,900","256 GB ROM15.49 cm (6.1 inch) Super Retina XDR Display12MP + 12MP | 12MP Front CameraA15 Bionic Chip, 6 Core Processor Processor1 year warranty for phone and 1 year warranty for in Box Accessories.",4.6,"3,08,434 Ratings & 11,640 Reviews"
78,"Apple iPhone 16 Pro Max (Desert Titanium, 512 GB)","₹1,64,900","512 GB ROM17.53 cm (6.9 inch) Super Retina XDR Display48MP + 48MP + 12MP | 12MP Front CameraA18 Pro Chip, 6 Core Processor Processor1 year warranty for phone and 1 year warranty for in Box Accessories.",4.6,311 Ratings & 34 Reviews
79,"Apple iPhone 6s (Rose Gold, 32 GB)","₹29,990",32 GB ROM11.94 cm (4.7 inch) Retina HD Display12MP Rear Camera | 5MP Front CameraApple A9 64-bit processor and M9 Motion Co-processor1 year warranty for phone and 1 year warranty for in Box Accessories.,4.5,"92,951 Ratings & 9,173 Reviews"
80,"Apple iPhone 8 Plus (Gold, 64 GB)","₹49,900","64 GB ROM13.97 cm (5.5 inch) Retina HD Display12MP + 12MP | 7MP Front CameraA11 Bionic Chip with 64-bit Architecture, Neural Engine, Embedded M11 Motion Coprocessor ProcessorBrand Warranty of 1 Year",4.6,"3,428 Ratings & 354 Reviews"
81,"Apple iPhone 12 Pro Max (Pacific Blue, 128 GB)","₹1,19,900","128 GB ROM17.02 cm (6.7 inch) Super Retina XDR Display12MP + 12MP + 12MP | 12MP Front CameraA14 Bionic Chip with Next Generation Neural Engine ProcessorCeramic Shield | Industry-leading IP68 Water ResistanceAll Screen OLED DisplayLiDAR Scanner for Improved AR Experiences, Night Mode Portraits1 year warranty for phone and 1 year warranty for in Box Accessories.",4.5,"1,275 Ratings & 101 Reviews"
82,"Apple iPhone XR (Yellow, 64 GB) (Includes EarPods, Power Adapter)","₹47,900",64 GB ROM15.49 cm (6.1 inch) Display12MP Rear Camera | 7MP Front CameraA12 Bionic Chip ProcessoriOS 13 Compatible1 year warranty for phone and 1 year warranty for in Box Accessories.,4.6,"1,00,890 Ratings & 8,483 Reviews"
83,"Apple iPhone XR (White, 64 GB) (Includes EarPods, Power Adapter)","₹47,900",64 GB ROM15.49 cm (6.1 inch) Display12MP Rear Camera | 7MP Front CameraA12 Bionic Chip ProcessoriOS 13 Compatible1 year warranty for phone and 1 year warranty for in Box Accessories.,4.6,"1,00,890 Ratings & 8,483 Reviews"
84,"Apple iPhone SE (Red, 128 GB)","₹44,900","128 GB ROM11.94 cm (4.7 inch) Retina HD Display12MP Rear Camera | 7MP Front CameraA13 Bionic Chip with 3rd Gen Neural Engine ProcessorWater and Dust Resistant (1 meter for Upto 30 minutes, IP67)Fast Charge CapableWireless charging (Works with Qi Chargers | Qi Chargers are Sold Separately1 year warranty for phone and 1 year warranty for in Box Accessories.",4.5,"1,54,638 Ratings & 12,003 Reviews"
85,"Apple iPhone 8 Plus (Space Grey, 64 GB)","₹49,900","64 GB ROM13.97 cm (5.5 inch) Retina HD Display12MP + 12MP | 7MP Front CameraA11 Bionic Chip with 64-bit Architecture, Neural Engine, Embedded M11 Motion Coprocessor ProcessorBrand Warranty of 1 Year",4.6,"3,428 Ratings & 354 Reviews"
86,"Apple iPhone 8 (Gold, 256 GB)","₹77,000","256 GB ROM11.94 cm (4.7 inch) Retina HD Display12MP Rear Camera | 7MP Front CameraA11 Bionic Chip with 64-bit Architecture, Neural Engine, Embedded M11 Motion Coprocessor ProcessorBrand Warranty of 1 Year",4.5,"11,368 Ratings & 801 Reviews"
87,"Apple iPhone 7 Plus (Gold, 128 GB)","₹42,900",128 GB ROM13.94 cm (5.488 inch) Retina HD Display12MP + 12MP | 7MP Front CameraApple A10 Fusion 64-bit processor and Embedded M10 Motion Co-processorBrand Warranty of 1 Year,4.5,"29,761 Ratings & 2,976 Reviews"
88,"Apple iPhone 8 Plus (Silver, 256 GB)","₹84,900","256 GB ROM13.97 cm (5.5 inch) Retina HD Display12MP + 12MP | 7MP Front CameraA11 Bionic Chip with 64-bit Architecture, Neural Engine, Embedded M11 Motion Coprocessor ProcessorBrand Warranty of 1 Year",4.6,"3,428 Ratings & 354 Reviews"
89,"Apple iPhone 8 Plus (Space Grey, 256 GB)","₹84,900","256 GB ROM13.97 cm (5.5 inch) Retina HD Display12MP + 12MP | 7MP Front CameraA11 Bionic Chip with 64-bit Architecture, Neural Engine, Embedded M11 Motion Coprocessor ProcessorBrand Warranty of 1 Year",4.6,"3,428 Ratings & 354 Reviews"
90,"Apple iPhone 8 Plus (Silver, 64 GB)","₹49,900","64 GB ROM13.97 cm (5.5 inch) Retina HD Display12MP + 12MP | 7MP Front CameraA11 Bionic Chip with 64-bit Architecture, Neural Engine, Embedded M11 Motion Coprocessor ProcessorBrand Warranty of 1 Year",4.6,"3,428 Ratings & 354 Reviews"
91,"Apple iPhone 6s Plus (Gold, 32 GB)","₹34,900",32 GB ROM13.97 cm (5.5 inch) Retina HD Display12MP Rear Camera | 5MP Front CameraApple A9 64-bit processor and Embedded M9 Motion Co-processorBrand Warranty of 1 Year,4.4,"18,786 Ratings & 2,357 Reviews"
92,"Apple iPhone 14 Plus (Midnight, 128 GB)","₹56,999","128 GB ROM17.02 cm (6.7 inch) Super Retina XDR Display12MP + 12MP | 12MP Front CameraA15 Bionic Chip, 6 Core Processor Processor1 year warranty for phone and 1 year warranty for in Box Accessories.",4.6,"84,625 Ratings & 4,734 Reviews"
93,"Apple iPhone 15 Pro (Blue Titanium, 1 TB)","₹1,29,999","1 TB ROM15.49 cm (6.1 inch) Super Retina XDR Display48MP + 12MP + 12MP | 12MP Front CameraA17 Pro Chip, 6 Core Processor Processor1 year warranty for phone and 1 year warranty for in Box Accessories.",4.6,"2,809 Ratings & 150 Reviews"
94,"Apple iPhone 16 Plus (Teal, 256 GB)","₹99,900","256 GB ROM17.02 cm (6.7 inch) Super Retina XDR Display48MP + 12MP | 12MP Front CameraA18 Chip, 6 Core Processor Processor1 year warranty for phone and 1 year warranty for in Box Accessories.",4.7,413 Ratings & 36 Reviews
95,"Apple iPhone 15 Pro (White Titanium, 1 TB)","₹1,29,999","1 TB ROM15.49 cm (6.1 inch) Super Retina XDR Display48MP + 12MP + 12MP | 12MP Front CameraA17 Pro Chip, 6 Core Processor Processor1 year warranty for phone and 1 year warranty for in Box Accessories.",4.6,"2,809 Ratings & 150 Reviews"
96,"Apple iPhone 12 (Blue, 64 GB)","₹49,900","64 GB ROM15.49 cm (6.1 inch) Super Retina XDR Display12MP + 12MP | 12MP Front CameraA14 Bionic Chip with Next Generation Neural Engine ProcessorCeramic ShieldIndustry-leading IP68 Water ResistanceAll Screen OLED Display12MP TrueDepth Front Camera with Night Mode, 4K Dolby Vision HDR Recording1 year warranty for phone and 1 year warranty for in Box Accessories.",4.6,"2,11,825 Ratings & 13,928 Reviews"
97,"Apple iPhone 15 Pro (White Titanium, 1 TB)","₹1,29,999","1 TB ROM15.49 cm (6.1 inch) Super Retina XDR Display48MP + 12MP + 12MP | 12MP Front CameraA17 Pro Chip, 6 Core Processor Processor1 year warranty for phone and 1 year warranty for in Box Accessories.",4.6,"2,809 Ratings & 150 Reviews"
98,"Apple iPhone 15 Pro Max (Blue Titanium, 256 GB)","₹1,23,999","256 GB ROM17.02 cm (6.7 inch) Super Retina XDR Display48MP + 12MP + 12MP | 12MP Front CameraA17 Pro Chip, 6 Core Processor Processor1 year warranty for phone and 1 year warranty for in Box Accessories.",4.6,"2,514 Ratings & 177 Reviews"
99,"Apple iPhone 14 Plus (Starlight, 256 GB)","₹66,999","256 GB ROM17.02 cm (6.7 inch) Super Retina XDR Display12MP + 12MP | 12MP Front CameraA15 Bionic Chip, 6 Core Processor Processor1 year warranty for phone and 1 year warranty for in Box Accessories.",4.6,"84,625 Ratings & 4,734 Reviews"
100,"Apple iPhone 12 (Red, 64 GB)","₹49,900","64 GB ROM15.49 cm (6.1 inch) Super Retina XDR Display12MP + 12MP | 12MP Front CameraA14 Bionic Chip with Next Generation Neural Engine ProcessorCeramic ShieldIndustry-leading IP68 Water ResistanceAll Screen OLED Display12MP TrueDepth Front Camera with Night Mode, 4K Dolby Vision HDR Recording1 year warranty for phone and 1 year warranty for in Box Accessories.",4.6,"2,11,825 Ratings & 13,928 Reviews"
101,"Apple iPhone 16 Plus (Teal, 256 GB)","₹99,900","256 GB ROM17.02 cm (6.7 inch) Super Retina XDR Display48MP + 12MP | 12MP Front CameraA18 Chip, 6 Core Processor Processor1 year warranty for phone and 1 year warranty for in Box Accessories.",4.7,413 Ratings & 36 Reviews
102,"Apple iPhone 15 Pro (White Titanium, 256 GB)","₹1,13,999","256 GB ROM15.49 cm (6.1 inch) Super Retina XDR Display48MP + 12MP + 12MP | 12MP Front CameraA17 Pro Chip, 6 Core Processor Processor1 year warranty for phone and 1 year warranty for in Box Accessories.",4.6,"2,809 Ratings & 150 Reviews"
103,"Apple iPhone 15 (Pink, 256 GB)","₹79,900","256 GB ROM15.49 cm (6.1 inch) Super Retina XDR Display48MP + 12MP | 12MP Front CameraA16 Bionic Chip, 6 Core Processor Processor1 year warranty for phone and 1 year warranty for in Box Accessories.",4.6,"2,30,161 Ratings & 8,260 Reviews"
104,"Apple iPhone XS (Gold, 64 GB)","₹89,900",64 GB ROM14.73 cm (5.8 inch) Super Retina HD Display12MP + 12MP | 7MP Front CameraA12 Bionic Chip Processor1 Year Limited Warranty for Products and Accessories,4.7,"11,938 Ratings & 866 Reviews"
105,"Apple iPhone 15 Plus (Green, 512 GB)","₹93,999","512 GB ROM17.02 cm (6.7 inch) Super Retina XDR Display48MP + 12MP | 12MP Front CameraA16 Bionic Chip, 6 Core Processor Processor1 year warranty for phone and 1 year warranty for in Box Accessories.",4.6,"36,344 Ratings & 2,088 Reviews"
106,"Apple iPhone 15 Pro (Blue Titanium, 256 GB)","₹1,13,999","256 GB ROM15.49 cm (6.1 inch) Super Retina XDR Display48MP + 12MP + 12MP | 12MP Front CameraA17 Pro Chip, 6 Core Processor Processor1 year warranty for phone and 1 year warranty for in Box Accessories.",4.6,"2,809 Ratings & 150 Reviews"
107,"Apple iPhone 14 (Blue, 128 GB)","₹59,900","128 GB ROM15.49 cm (6.1 inch) Super Retina XDR Display12MP + 12MP | 12MP Front CameraA15 Bionic Chip, 6 Core Processor Processor1 year warranty for phone and 1 year warranty for in Box Accessories.",4.6,"3,08,434 Ratings & 11,640 Reviews"
108,"Apple iPhone XR (Blue, 64 GB) (Includes EarPods, Power Adapter)","₹47,900",64 GB ROM15.49 cm (6.1 inch) Display12MP Rear Camera | 7MP Front CameraA12 Bionic Chip ProcessoriOS 13 Compatible1 year warranty for phone and 1 year warranty for in Box Accessories.,4.6,"1,00,890 Ratings & 8,483 Reviews"
109,"Apple iPhone 13 (Midnight, 128 GB)","₹49,900",128 GB ROM15.49 cm (6.1 inch) Super Retina XDR Display12MP + 12MP | 12MP Front CameraA15 Bionic Chip Processor1 year warranty for phone and 1 year warranty for in Box Accessories.,4.6,"2,86,117 Ratings & 13,732 Reviews"
110,"Apple iPhone 14 Plus (Midnight, 256 GB)","₹66,999","256 GB ROM17.02 cm (6.7 inch) Super Retina XDR Display12MP + 12MP | 12MP Front CameraA15 Bionic Chip, 6 Core Processor Processor1 year warranty for phone and 1 year warranty for in Box Accessories.",4.6,"84,625 Ratings & 4,734 Reviews"
111,"Apple iPhone 15 (Yellow, 512 GB)","₹99,900","512 GB ROM15.49 cm (6.1 inch) Super Retina XDR Display48MP + 12MP | 12MP Front CameraA16 Bionic Chip, 6 Core Processor Processor1 year warranty for phone and 1 year warranty for in Box Accessories.",4.6,"2,30,161 Ratings & 8,260 Reviews"
112,"Apple iPhone 15 Pro (Black Titanium, 1 TB)","₹1,29,999","1 TB ROM15.49 cm (6.1 inch) Super Retina XDR Display48MP + 12MP + 12MP | 12MP Front CameraA17 Pro Chip, 6 Core Processor Processor1 year warranty for phone and 1 year warranty for in Box Accessories.",4.6,"2,809 Ratings & 150 Reviews"
113,"Apple iPhone 11 (Green, 128 GB)","₹48,900",128 GB ROM15.49 cm (6.1 inch) Liquid Retina HD Display12MP + 12MP | 12MP Front CameraA13 Bionic Chip Processor1 year warranty for phone and 1 year warranty for in Box Accessories.,4.6,"2,05,762 Ratings & 11,416 Reviews"
114,"Apple iPhone 15 Plus (Black, 512 GB)","₹93,999","512 GB ROM17.02 cm (6.7 inch) Super Retina XDR Display48MP + 12MP | 12MP Front CameraA16 Bionic Chip, 6 Core Processor Processor1 year warranty for phone and 1 year warranty for in Box Accessories.",4.6,"36,344 Ratings & 2,088 Reviews"
115,"Apple iPhone 11 (White, 128 GB)","₹48,900",128 GB ROM15.49 cm (6.1 inch) Liquid Retina HD Display12MP + 12MP | 12MP Front CameraA13 Bionic Chip Processor1 year warranty for phone and 1 year warranty for in Box Accessories.,4.6,"2,05,762 Ratings & 11,416 Reviews"
116,"Apple iPhone 11 (Green, 64 GB)","₹43,900",64 GB ROM15.49 cm (6.1 inch) Liquid Retina HD Display12MP + 12MP | 12MP Front CameraA13 Bionic Chip Processor1 year warranty for phone and 1 year warranty for in Box Accessories.,4.6,"2,05,762 Ratings & 11,416 Reviews"
117,"Apple iPhone 12 mini (Black, 64 GB)","₹59,900","64 GB ROM13.72 cm (5.4 inch) Super Retina XDR Display12MP + 12MP | 12MP Front CameraA14 Bionic Chip with Next Generation Neural Engine ProcessorCeramic ShieldIndustry-leading IP68 Water ResistanceAll Screen OLED Display12MP TrueDepth Front Camera with Night Mode, 4K Dolby Vision HDR Recording1 year warranty for phone and 1 year warranty for in Box Accessories.",4.5,"1,30,626 Ratings & 10,194 Reviews"
118,"Apple iPhone 12 (Black, 64 GB)","₹49,900","64 GB ROM15.49 cm (6.1 inch) Super Retina XDR Display12MP + 12MP | 12MP Front CameraA14 Bionic Chip with Next Generation Neural Engine ProcessorCeramic ShieldIndustry-leading IP68 Water ResistanceAll Screen OLED Display12MP TrueDepth Front Camera with Night Mode, 4K Dolby Vision HDR Recording1 year warranty for phone and 1 year warranty for in Box Accessories.",4.6,"2,11,825 Ratings & 13,928 Reviews"
119,"Apple iPhone 12 mini (Blue, 64 GB)","₹59,900","64 GB ROM13.72 cm (5.4 inch) Super Retina XDR Display12MP + 12MP | 12MP Front CameraA14 Bionic Chip with Next Generation Neural Engine ProcessorCeramic ShieldIndustry-leading IP68 Water ResistanceAll Screen OLED Display12MP TrueDepth Front Camera with Night Mode, 4K Dolby Vision HDR Recording1 year warranty for phone and 1 year warranty for in Box Accessories.",4.5,"1,30,626 Ratings & 10,194 Reviews"
120,"Apple iPhone 15 Pro (White Titanium, 512 GB)","₹1,21,999","512 GB ROM15.49 cm (6.1 inch) Super Retina XDR Display48MP + 12MP + 12MP | 12MP Front CameraA17 Pro Chip, 6 Core Processor Processor1 year warranty for phone and 1 year warranty for in Box Accessories.",4.6,"2,809 Ratings & 150 Reviews"
121,"Apple iPhone 11 (Black, 64 GB)","₹43,900",64 GB ROM15.49 cm (6.1 inch) Liquid Retina HD Display12MP + 12MP | 12MP Front CameraA13 Bionic Chip Processor1 year warranty for phone and 1 year warranty for in Box Accessories.,4.6,"2,05,762 Ratings & 11,416 Reviews"
122,"Apple iPhone 15 Plus (Pink, 512 GB)","₹93,999","512 GB ROM17.02 cm (6.7 inch) Super Retina XDR Display48MP + 12MP | 12MP Front CameraA16 Bionic Chip, 6 Core Processor Processor1 year warranty for phone and 1 year warranty for in Box Accessories.",4.6,"36,344 Ratings & 2,088 Reviews"
123,"Apple iPhone 13 (Blue, 256 GB)","₹59,900",256 GB ROM15.49 cm (6.1 inch) Super Retina XDR Display12MP + 12MP | 12MP Front CameraA15 Bionic Chip Processor1 year warranty for phone and 1 year warranty for in Box Accessories.,4.6,"2,86,117 Ratings & 13,732 Reviews"
124,"Apple iPhone 15 Pro (Natural Titanium, 1 TB)","₹1,29,999","1 TB ROM15.49 cm (6.1 inch) Super Retina XDR Display48MP + 12MP + 12MP | 12MP Front CameraA17 Pro Chip, 6 Core Processor Processor1 year warranty for phone and 1 year warranty for in Box Accessories.",4.6,"2,809 Ratings & 150 Reviews"
125,"Apple iPhone 14 Plus (Purple, 128 GB)","₹56,999","128 GB ROM17.02 cm (6.7 inch) Super Retina XDR Display12MP + 12MP | 12MP Front CameraA15 Bionic Chip, 6 Core Processor Processor1 year warranty for phone and 1 year warranty for in Box Accessories.",4.6,"84,625 Ratings & 4,734 Reviews"
126,"Apple iPhone 14 (Starlight, 128 GB)","₹59,900","128 GB ROM15.49 cm (6.1 inch) Super Retina XDR Display12MP + 12MP | 12MP Front CameraA15 Bionic Chip, 6 Core Processor Processor1 year warranty for phone and 1 year warranty for in Box Accessories.",4.6,"3,08,434 Ratings & 11,640 Reviews"
127,"Apple iPhone 16 Pro Max (White Titanium, 512 GB)","₹1,64,900","512 GB ROM17.53 cm (6.9 inch) Super Retina XDR Display48MP + 48MP + 12MP | 12MP Front CameraA18 Pro Chip, 6 Core Processor Processor1 year warranty for phone and 1 year warranty for in Box Accessories.",4.6,311 Ratings & 34 Reviews
128,"Apple iPhone 14 (Midnight, 128 GB)","₹59,900","128 GB ROM15.49 cm (6.1 inch) Super Retina XDR Display12MP + 12MP | 12MP Front CameraA15 Bionic Chip, 6 Core Processor Processor1 year warranty for phone and 1 year warranty for in Box Accessories.",4.6,"3,08,434 Ratings & 11,640 Reviews"
129,"Apple iPhone 12 (White, 128 GB)","₹54,900","128 GB ROM15.49 cm (6.1 inch) Super Retina XDR Display12MP + 12MP | 12MP Front CameraA14 Bionic Chip with Next Generation Neural Engine ProcessorCeramic ShieldIndustry-leading IP68 Water ResistanceAll Screen OLED Display12MP TrueDepth Front Camera with Night Mode, 4K Dolby Vision HDR Recording1 year warranty for phone and 1 year warranty for in Box Accessories.",4.6,"2,11,825 Ratings & 13,928 Reviews"
130,"Apple iPhone 15 Pro Max (Natural Titanium, 1 TB)","₹1,39,999","1 TB ROM17.02 cm (6.7 inch) Super Retina XDR Display48MP + 12MP + 12MP | 12MP Front CameraA17 Pro Chip, 6 Core Processor Processor1 year warranty for phone and 1 year warranty for in Box Accessories.",4.6,"2,514 Ratings & 177 Reviews"
131,"Apple iPhone 11 (Green, 64 GB) (Includes EarPods, Power Adapter)","₹49,900",64 GB ROM15.49 cm (6.1 inch) Liquid Retina HD Display12MP + 12MP | 12MP Front CameraA13 Bionic Chip Processor1 year warranty for phone and 1 year warranty for in Box Accessories.,4.6,"2,05,762 Ratings & 11,416 Reviews"
132,"Apple iPhone 13 (Midnight, 256 GB)","₹59,900",256 GB ROM15.49 cm (6.1 inch) Super Retina XDR Display12MP + 12MP | 12MP Front CameraA15 Bionic Chip Processor1 year warranty for phone and 1 year warranty for in Box Accessories.,4.6,"2,86,117 Ratings & 13,732 Reviews"
133,"Apple iPhone 15 Pro Max (White Titanium, 512 GB)","₹1,31,999","512 GB ROM17.02 cm (6.7 inch) Super Retina XDR Display48MP + 12MP + 12MP | 12MP Front CameraA17 Pro Chip, 6 Core Processor Processor1 year warranty for phone and 1 year warranty for in Box Accessories.",4.6,"2,514 Ratings & 177 Reviews"
134,"Apple iPhone 15 Pro (Blue Titanium, 128 GB)","₹1,03,999","128 GB ROM15.49 cm (6.1 inch) Super Retina XDR Display48MP + 12MP + 12MP | 12MP Front CameraA17 Pro Chip, 6 Core Processor Processor1 year warranty for phone and 1 year warranty for in Box Accessories.",4.6,"2,809 Ratings & 150 Reviews"
135,"Apple iPhone 14 ((PRODUCT)RED, 128 GB)","₹59,900","128 GB ROM15.49 cm (6.1 inch) Super Retina XDR Display12MP + 12MP | 12MP Front CameraA15 Bionic Chip, 6 Core Processor Processor1 year warranty for phone and 1 year warranty for in Box Accessories.",4.6,"3,08,434 Ratings & 11,640 Reviews"
136,"Apple iPhone 13 mini (Pink, 128 GB)","₹64,900",128 GB ROM13.72 cm (5.4 inch) Super Retina XDR Display12MP + 12MP | 12MP Front CameraA15 Bionic Chip Processor1 year warranty for phone and 1 year warranty for in Box Accessories.,4.5,"3,840 Ratings & 330 Reviews"
137,"Apple iPhone 12 (Purple, 128 GB)","₹54,900","128 GB ROM15.49 cm (6.1 inch) Super Retina XDR Display12MP + 12MP | 12MP Front CameraA14 Bionic Chip with Next Generation Neural Engine ProcessorCeramic ShieldIndustry-leading IP68 Water ResistanceAll Screen OLED Display12MP TrueDepth Front Camera with Night Mode, 4K Dolby Vision HDR Recording1 year warranty for phone and 1 year warranty for in Box Accessories.",4.6,"2,11,825 Ratings & 13,928 Reviews"
138,"Apple iPhone 15 Plus (Green, 256 GB)","₹73,999","256 GB ROM17.02 cm (6.7 inch) Super Retina XDR Display48MP + 12MP | 12MP Front CameraA16 Bionic Chip, 6 Core Processor Processor1 year warranty for phone and 1 year warranty for in Box Accessories.",4.6,"36,344 Ratings & 2,088 Reviews"
139,"Apple iPhone 14 Plus ((PRODUCT)RED, 128 GB)","₹56,999","128 GB ROM17.02 cm (6.7 inch) Super Retina XDR Display12MP + 12MP | 12MP Front CameraA15 Bionic Chip, 6 Core Processor Processor1 year warranty for phone and 1 year warranty for in Box Accessories.",4.6,"84,625 Ratings & 4,734 Reviews"
140,"Apple iPhone 15 Plus (Yellow, 128 GB)","₹63,999","128 GB ROM17.02 cm (6.7 inch) Super Retina XDR Display48MP + 12MP | 12MP Front CameraA16 Bionic Chip, 6 Core Processor Processor1 year warranty for phone and 1 year warranty for in Box Accessories.",4.6,"36,344 Ratings & 2,088 Reviews"
141,"Apple iPhone 15 Pro Max (Blue Titanium, 512 GB)","₹1,31,999","512 GB ROM17.02 cm (6.7 inch) Super Retina XDR Display48MP + 12MP + 12MP | 12MP Front CameraA17 Pro Chip, 6 Core Processor Processor1 year warranty for phone and 1 year warranty for in Box Accessories.",4.6,"2,514 Ratings & 177 Reviews"
142,"Apple iPhone 14 Plus (Yellow, 512 GB)","₹86,999","512 GB ROM17.02 cm (6.7 inch) Super Retina XDR Display12MP + 12MP | 12MP Front CameraA15 Bionic Chip, 6 Core Processor Processor1 year warranty for phone and 1 year warranty for in Box Accessories.",4.6,"84,625 Ratings & 4,734 Reviews"
143,"Apple iPhone 11 (White, 64 GB)","₹43,900",64 GB ROM15.49 cm (6.1 inch) Liquid Retina HD Display12MP + 12MP | 12MP Front CameraA13 Bionic Chip Processor1 year warranty for phone and 1 year warranty for in Box Accessories.,4.6,"2,05,762 Ratings & 11,416 Reviews"
144,"Apple iPhone 14 Pro (Gold, 256 GB)","₹1,29,900","256 GB ROM15.49 cm (6.1 inch) Super Retina XDR Display48MP + 12MP + 12MP | 12MP Front CameraA16 Bionic Chip, 6 Core Processor Processor1 year warranty for phone and 1 year warranty for in Box Accessories.",4.7,"2,190 Ratings & 153 Reviews"
145,"Apple iPhone 15 Pro Max (Blue Titanium, 1 TB)","₹1,39,999","1 TB ROM17.02 cm (6.7 inch) Super Retina XDR Display48MP + 12MP + 12MP | 12MP Front CameraA17 Pro Chip, 6 Core Processor Processor1 year warranty for phone and 1 year warranty for in Box Accessories.",4.6,"2,514 Ratings & 177 Reviews"
146,"Apple iPhone 13 (Pink, 128 GB)","₹49,900",128 GB ROM15.49 cm (6.1 inch) Super Retina XDR Display12MP + 12MP | 12MP Front CameraA15 Bionic Chip Processor1 year warranty for phone and 1 year warranty for in Box Accessories.,4.6,"2,86,117 Ratings & 13,732 Reviews"
147,"Apple iPhone 15 Plus (Black, 256 GB)","₹73,999","256 GB ROM17.02 cm (6.7 inch) Super Retina XDR Display48MP + 12MP | 12MP Front CameraA16 Bionic Chip, 6 Core Processor Processor1 year warranty for phone and 1 year warranty for in Box Accessories.",4.6,"36,344 Ratings & 2,088 Reviews"
148,"Apple iPhone 15 Pro (Black Titanium, 128 GB)","₹1,03,999","128 GB ROM15.49 cm (6.1 inch) Super Retina XDR Display48MP + 12MP + 12MP | 12MP Front CameraA17 Pro Chip, 6 Core Processor Processor1 year warranty for phone and 1 year warranty for in Box Accessories.",4.6,"2,809 Ratings & 150 Reviews"
149,"Apple iPhone 12 (Black, 256 GB)","₹64,900","256 GB ROM15.49 cm (6.1 inch) Super Retina XDR Display12MP + 12MP | 12MP Front CameraA14 Bionic Chip with Next Generation Neural Engine ProcessorCeramic ShieldIndustry-leading IP68 Water ResistanceAll Screen OLED Display12MP TrueDepth Front Camera with Night Mode, 4K Dolby Vision HDR Recording1 year warranty for phone and 1 year warranty for in Box Accessories.",4.6,"2,11,825 Ratings & 13,928 Reviews"
150,"Apple iPhone XS (Silver, 512 GB)","₹1,34,900",512 GB ROM14.73 cm (5.8 inch) Super Retina HD Display12MP + 12MP | 7MP Front CameraA12 Bionic Chip Processor1 Year Limited Warranty for Products and Accessories,4.7,"11,938 Ratings & 866 Reviews"
151,"Apple iPhone 15 Plus (Pink, 256 GB)","₹73,999","256 GB ROM17.02 cm (6.7 inch) Super Retina XDR Display48MP + 12MP | 12MP Front CameraA16 Bionic Chip, 6 Core Processor Processor1 year warranty for phone and 1 year warranty for in Box Accessories.",4.6,"36,344 Ratings & 2,088 Reviews"
152,"Apple iPhone 15 Pro Max (Natural Titanium, 512 GB)","₹1,31,999","512 GB ROM17.02 cm (6.7 inch) Super Retina XDR Display48MP + 12MP + 12MP | 12MP Front CameraA17 Pro Chip, 6 Core Processor Processor1 year warranty for phone and 1 year warranty for in Box Accessories.",4.6,"2,514 Ratings & 177 Reviews"
153,"Apple iPhone 11 (Green, 128 GB) (Includes EarPods, Power Adapter)","₹54,900",128 GB ROM15.49 cm (6.1 inch) Liquid Retina HD Display12MP + 12MP | 12MP Front CameraA13 Bionic Chip Processor1 year warranty for phone and 1 year warranty for in Box Accessories.,4.6,"2,05,762 Ratings & 11,416 Reviews"
154,"Apple iPhone 6s Plus (Gold, 128 GB)","₹92,000",128 GB ROM13.97 cm (5.5 inch) Retina HD Display12MP Rear Camera | 5MP Front CameraA9 Chip with 64-bit Architecture and M9 Motion Co-processorBrand Warranty of 1 Year,4.4,"18,786 Ratings & 2,357 Reviews"
155,"Apple iPhone SE (White, 64 GB) (Includes EarPods, Power Adapter)","₹39,900","64 GB ROM11.94 cm (4.7 inch) Retina HD Display12MP Rear Camera | 7MP Front CameraA13 Bionic Chip with 3rd Gen Neural Engine ProcessorWater and Dust Resistant (1 meter for Upto 30 minutes, IP67)Fast Charge CapableWireless charging (Works with Qi Chargers | Qi Chargers are Sold Separately1 year warranty for phone and 1 year warranty for in Box Accessories.",4.5,"1,54,638 Ratings & 12,003 Reviews"
156,"Apple iPhone 15 Pro (Natural Titanium, 512 GB)","₹1,21,999","512 GB ROM15.49 cm (6.1 inch) Super Retina XDR Display48MP + 12MP + 12MP | 12MP Front CameraA17 Pro Chip, 6 Core Processor Processor1 year warranty for phone and 1 year warranty for in Box Accessories.",4.6,"2,809 Ratings & 150 Reviews"
157,"Apple iPhone 15 Pro Max (Black Titanium, 256 GB)","₹1,23,999","256 GB ROM17.02 cm (6.7 inch) Super Retina XDR Display48MP + 12MP + 12MP | 12MP Front CameraA17 Pro Chip, 6 Core Processor Processor1 year warranty for phone and 1 year warranty for in Box Accessories.",4.6,"2,514 Ratings & 177 Reviews"
158,"Apple iPhone 16 Pro Max (Desert Titanium, 1 TB)","₹1,84,900","1 TB ROM17.53 cm (6.9 inch) Super Retina XDR Display48MP + 48MP + 12MP | 12MP Front CameraA18 Pro Chip, 6 Core Processor Processor1 year warranty for phone and 1 year warranty for in Box Accessories.",4.6,311 Ratings & 34 Reviews
159,"Apple iPhone 14 Plus ((PRODUCT)RED, 512 GB)","₹86,999","512 GB ROM17.02 cm (6.7 inch) Super Retina XDR Display12MP + 12MP | 12MP Front CameraA15 Bionic Chip, 6 Core Processor Processor1 year warranty for phone and 1 year warranty for in Box Accessories.",4.6,"84,625 Ratings & 4,734 Reviews"
160,"Apple iPhone 12 (Green, 128 GB)","₹54,900","128 GB ROM15.49 cm (6.1 inch) Super Retina XDR Display12MP + 12MP | 12MP Front CameraA14 Bionic Chip with Next Generation Neural Engine ProcessorCeramic ShieldIndustry-leading IP68 Water ResistanceAll Screen OLED Display12MP TrueDepth Front Camera with Night Mode, 4K Dolby Vision HDR Recording1 year warranty for phone and 1 year warranty for in Box Accessories.",4.6,"2,11,825 Ratings & 13,928 Reviews"
161,"Apple iPhone 11 (Black, 128 GB) (Includes EarPods, Power Adapter)","₹54,900",128 GB ROM15.49 cm (6.1 inch) Liquid Retina HD Display12MP + 12MP | 12MP Front CameraA13 Bionic Chip Processor1 year warranty for phone and 1 year warranty for in Box Accessories.,4.6,"2,05,762 Ratings & 11,416 Reviews"
162,"Apple iPhone 16 Plus (Pink, 512 GB)","₹1,19,900","512 GB ROM17.02 cm (6.7 inch) Super Retina XDR Display48MP + 12MP | 12MP Front CameraA18 Chip, 6 Core Processor Processor1 year warranty for phone and 1 year warranty for in Box Accessories.",4.7,413 Ratings & 36 Reviews
163,"Apple iPhone 15 (Green, 512 GB)","₹99,900","512 GB ROM15.49 cm (6.1 inch) Super Retina XDR Display48MP + 12MP | 12MP Front CameraA16 Bionic Chip, 6 Core Processor Processor1 year warranty for phone and 1 year warranty for in Box Accessories.",4.6,"2,30,161 Ratings & 8,260 Reviews"
164,"Apple iPhone 12 (Blue, 256 GB)","₹64,900","256 GB ROM15.49 cm (6.1 inch) Super Retina XDR Display12MP + 12MP | 12MP Front CameraA14 Bionic Chip with Next Generation Neural Engine ProcessorCeramic ShieldIndustry-leading IP68 Water ResistanceAll Screen OLED Display12MP TrueDepth Front Camera with Night Mode, 4K Dolby Vision HDR Recording1 year warranty for phone and 1 year warranty for in Box Accessories.",4.6,"2,11,825 Ratings & 13,928 Reviews"
165,"Apple iPhone 15 Pro Max (Black Titanium, 512 GB)","₹1,31,999","512 GB ROM17.02 cm (6.7 inch) Super Retina XDR Display48MP + 12MP + 12MP | 12MP Front CameraA17 Pro Chip, 6 Core Processor Processor1 year warranty for phone and 1 year warranty for in Box Accessories.",4.6,"2,514 Ratings & 177 Reviews"
166,"Apple iPhone 15 Pro Max (Natural Titanium, 256 GB)","₹1,23,999","256 GB ROM17.02 cm (6.7 inch) Super Retina XDR Display48MP + 12MP + 12MP | 12MP Front CameraA17 Pro Chip, 6 Core Processor Processor1 year warranty for phone and 1 year warranty for in Box Accessories.",4.6,"2,514 Ratings & 177 Reviews"
167,"Apple iPhone 13 Pro Max (Graphite, 128 GB)","₹1,29,900",128 GB ROM17.02 cm (6.7 inch) Super Retina XDR Display12MP + 12MP + 12MP | 12MP Front CameraA15 Bionic Chip Processor1 year warranty for phone and 1 year warranty for in Box Accessories.,4.6,"2,076 Ratings & 193 Reviews"
168,"Apple iPhone 16 Pro Max (Desert Titanium, 1 TB)","₹1,84,900","1 TB ROM17.53 cm (6.9 inch) Super Retina XDR Display48MP + 48MP + 12MP | 12MP Front CameraA18 Pro Chip, 6 Core Processor Processor1 year warranty for phone and 1 year warranty for in Box Accessories.",4.6,311 Ratings & 34 Reviews
169,"Apple iPhone 15 Pro (White Titanium, 128 GB)","₹1,03,999","128 GB ROM15.49 cm (6.1 inch) Super Retina XDR Display48MP + 12MP + 12MP | 12MP Front CameraA17 Pro Chip, 6 Core Processor Processor1 year warranty for phone and 1 year warranty for in Box Accessories.",4.6,"2,809 Ratings & 150 Reviews"
170,"Apple iPhone 12 Pro Max (Silver, 512 GB)","₹1,49,900","512 GB ROM17.02 cm (6.7 inch) Super Retina XDR Display12MP + 12MP + 12MP | 12MP Front CameraA14 Bionic Chip with Next Generation Neural Engine ProcessorCeramic Shield | Industry-leading IP68 Water ResistanceAll Screen OLED DisplayLiDAR Scanner for Improved AR Experiences, Night Mode Portraits1 year warranty for phone and 1 year warranty for in Box Accessories.",4.5,"1,275 Ratings & 101 Reviews"
171,"Apple iPhone SE (Red, 256 GB) (Includes EarPods, Power Adapter)","₹54,900","256 GB ROM11.94 cm (4.7 inch) Retina HD Display12MP Rear Camera | 7MP Front CameraA13 Bionic Chip with 3rd Gen Neural Engine ProcessorWater and Dust Resistant (1 meter for Upto 30 minutes, IP67)Fast Charge CapableWireless charging (Works with Qi Chargers | Qi Chargers are Sold SeparatelyBrand Warranty for 1 Year",4.5,"1,54,638 Ratings & 12,003 Reviews"
172,"Apple iPhone 6s (Silver, 128 GB)","₹55,999",128 GB ROM11.94 cm (4.7 inch) Retina HD Display12MP Rear Camera | 5MP Front CameraA9 Chip with 64-bit Architecture and M9 Motion Co-processorBrand Warranty of 1 Year,4.5,"92,951 Ratings & 9,173 Reviews"
173,"Apple iPhone 12 Pro Max (Pacific Blue, 256 GB)","₹1,29,900","256 GB ROM17.02 cm (6.7 inch) Super Retina XDR Display12MP + 12MP + 12MP | 12MP Front CameraA14 Bionic Chip with Next Generation Neural Engine ProcessorCeramic Shield | Industry-leading IP68 Water ResistanceAll Screen OLED DisplayLiDAR Scanner for Improved AR Experiences, Night Mode Portraits1 year warranty for phone and 1 year warranty for in Box Accessories.",4.5,"1,275 Ratings & 101 Reviews"
174,"Apple iPhone 16 Plus (Teal, 512 GB)","₹1,19,900","512 GB ROM17.02 cm (6.7 inch) Super Retina XDR Display48MP + 12MP | 12MP Front CameraA18 Chip, 6 Core Processor Processor1 year warranty for phone and 1 year warranty for in Box Accessories.",4.7,413 Ratings & 36 Reviews
175,"Apple iPhone SE (Red, 64 GB) (Includes EarPods, Power Adapter)","₹39,900","64 GB ROM11.94 cm (4.7 inch) Retina HD Display12MP Rear Camera | 7MP Front CameraA13 Bionic Chip with 3rd Gen Neural Engine ProcessorWater and Dust Resistant (1 meter for Upto 30 minutes, IP67)Fast Charge CapableWireless charging (Works with Qi Chargers | Qi Chargers are Sold Separately1 year warranty for phone and 1 year warranty for in Box Accessories.",4.5,"1,54,638 Ratings & 12,003 Reviews"
176,"Apple iPhone 14 (Red, 512 GB)","₹89,900","512 GB ROM15.49 cm (6.1 inch) Super Retina XDR Display12MP + 12MP | 12MP Front CameraA15 Bionic Chip, 6 Core Processor Processor1 year warranty for phone and 1 year warranty for in Box Accessories.",4.6,"3,08,434 Ratings & 11,640 Reviews"
177,"Apple iPhone 15 Plus (Yellow, 256 GB)","₹73,999","256 GB ROM17.02 cm (6.7 inch) Super Retina XDR Display48MP + 12MP | 12MP Front CameraA16 Bionic Chip, 6 Core Processor Processor1 year warranty for phone and 1 year warranty for in Box Accessories.",4.6,"36,344 Ratings & 2,088 Reviews"
178,"Apple iPhone 13 (Green, 512 GB)","₹79,900",512 GB ROM15.49 cm (6.1 inch) Super Retina XDR Display12MP + 12MP | 12MP Front CameraA15 Bionic Chip Processor1 year warranty for phone and 1 year warranty for in Box Accessories.,4.6,"2,86,117 Ratings & 13,732 Reviews"
179,"Apple iPhone 15 Pro Max (White Titanium, 1 TB)","₹1,39,999","1 TB ROM17.02 cm (6.7 inch) Super Retina XDR Display48MP + 12MP + 12MP | 12MP Front CameraA17 Pro Chip, 6 Core Processor Processor1 year warranty for phone and 1 year warranty for in Box Accessories.",4.6,"2,514 Ratings & 177 Reviews"
180,"Apple iPhone 15 Plus (Blue, 512 GB)","₹93,999","512 GB ROM17.02 cm (6.7 inch) Super Retina XDR Display48MP + 12MP | 12MP Front CameraA16 Bionic Chip, 6 Core Processor Processor1 year warranty for phone and 1 year warranty for in Box Accessories.",4.6,"36,344 Ratings & 2,088 Reviews"
181,"Apple iPhone 15 Pro Max (Natural Titanium, 256 GB)","₹1,23,999","256 GB ROM17.02 cm (6.7 inch) Super Retina XDR Display48MP + 12MP + 12MP | 12MP Front CameraA17 Pro Chip, 6 Core Processor Processor1 year warranty for phone and 1 year warranty for in Box Accessories.",4.6,"2,514 Ratings & 177 Reviews"
182,"Apple iPhone 15 Pro (Black Titanium, 256 GB)","₹1,13,999","256 GB ROM15.49 cm (6.1 inch) Super Retina XDR Display48MP + 12MP + 12MP | 12MP Front CameraA17 Pro Chip, 6 Core Processor Processor1 year warranty for phone and 1 year warranty for in Box Accessories.",4.6,"2,809 Ratings & 150 Reviews"
183,"Apple iPhone 15 Pro (Black Titanium, 128 GB)","₹1,03,999","128 GB ROM15.49 cm (6.1 inch) Super Retina XDR Display48MP + 12MP + 12MP | 12MP Front CameraA17 Pro Chip, 6 Core Processor Processor1 year warranty for phone and 1 year warranty for in Box Accessories.",4.6,"2,809 Ratings & 150 Reviews"
184,"Apple iPhone 11 (Yellow, 64 GB)","₹43,900",64 GB ROM15.49 cm (6.1 inch) Liquid Retina HD Display12MP + 12MP | 12MP Front CameraA13 Bionic Chip Processor1 year warranty for phone and 1 year warranty for in Box Accessories.,4.6,"2,05,762 Ratings & 11,416 Reviews"
185,"Apple iPhone 11 (Black, 64 GB) (Includes EarPods, Power Adapter)","₹49,900",64 GB ROM15.49 cm (6.1 inch) Liquid Retina HD Display12MP + 12MP | 12MP Front CameraA13 Bionic Chip Processor1 year warranty for phone and 1 year warranty for in Box Accessories.,4.6,"2,05,762 Ratings & 11,416 Reviews"
186,"Apple iPhone 13 Pro Max (Alpine Green, 1 TB)","₹1,79,900",1 TB ROM17.02 cm (6.7 inch) Super Retina XDR Display12MP + 12MP + 12MP | 12MP Front CameraA15 Bionic Chip Processor1 year warranty for phone and 1 year warranty for in Box Accessories.,4.6,"2,076 Ratings & 193 Reviews"
187,"Apple iPhone XR ((PRODUCT)RED, 64 GB) (Includes EarPods, Power Adapter)","₹47,900",64 GB ROM15.49 cm (6.1 inch) Display12MP Rear Camera | 7MP Front CameraA12 Bionic Chip ProcessoriOS 13 Compatible1 year warranty for phone and 1 year warranty for in Box Accessories.,4.6,"1,00,890 Ratings & 8,483 Reviews"
188,"Apple iPhone 11 (Red, 64 GB)","₹43,900",64 GB ROM15.49 cm (6.1 inch) Liquid Retina HD Display12MP + 12MP | 12MP Front CameraA13 Bionic Chip Processor1 year warranty for phone and 1 year warranty for in Box Accessories.,4.6,"2,05,762 Ratings & 11,416 Reviews"
189,"Apple iPhone 15 Plus (Yellow, 512 GB)","₹93,999","512 GB ROM17.02 cm (6.7 inch) Super Retina XDR Display48MP + 12MP | 12MP Front CameraA16 Bionic Chip, 6 Core Processor Processor1 year warranty for phone and 1 year warranty for in Box Accessories.",4.6,"36,344 Ratings & 2,088 Reviews"
190,"Apple iPhone 12 (Green, 256 GB)","₹64,900","256 GB ROM15.49 cm (6.1 inch) Super Retina XDR Display12MP + 12MP | 12MP Front CameraA14 Bionic Chip with Next Generation Neural Engine ProcessorCeramic ShieldIndustry-leading IP68 Water ResistanceAll Screen OLED Display12MP TrueDepth Front Camera with Night Mode, 4K Dolby Vision HDR Recording1 year warranty for phone and 1 year warranty for in Box Accessories.",4.6,"2,11,825 Ratings & 13,928 Reviews"
191,"Apple iPhone XR (Coral, 128 GB) (Includes EarPods, Power Adapter)","₹52,900",128 GB ROM15.49 cm (6.1 inch) Display12MP Rear Camera | 7MP Front CameraA12 Bionic Chip ProcessoriOS 13 Compatible1 year warranty for phone and 1 year warranty for in Box Accessories.,4.6,"1,00,890 Ratings & 8,483 Reviews"
192,"Apple iPhone 15 Plus (Yellow, 512 GB)","₹93,999","512 GB ROM17.02 cm (6.7 inch) Super Retina XDR Display48MP + 12MP | 12MP Front CameraA16 Bionic Chip, 6 Core Processor Processor1 year warranty for phone and 1 year warranty for in Box Accessories.",4.6,"36,344 Ratings & 2,088 Reviews"
193,"Apple iPhone XR ((PRODUCT)RED, 64 GB) (Includes EarPods, Power Adapter)","₹47,900",64 GB ROM15.49 cm (6.1 inch) Display12MP Rear Camera | 7MP Front CameraA12 Bionic Chip ProcessoriOS 13 Compatible1 year warranty for phone and 1 year warranty for in Box Accessories.,4.6,"1,00,890 Ratings & 8,483 Reviews"
194,"Apple iPhone 11 (Red, 64 GB)","₹43,900",64 GB ROM15.49 cm (6.1 inch) Liquid Retina HD Display12MP + 12MP | 12MP Front CameraA13 Bionic Chip Processor1 year warranty for phone and 1 year warranty for in Box Accessories.,4.6,"2,05,762 Ratings & 11,416 Reviews"
195,"Apple iPhone 14 Pro Max (Gold, 512 GB)","₹1,64,900","512 GB ROM17.02 cm (6.7 inch) Super Retina XDR Display48MP + 12MP + 12MP | 12MP Front CameraA16 Bionic Chip, 6 Core Processor Processor1 year warranty for phone and 1 year warranty for in Box Accessories.",4.7,"2,396 Ratings & 167 Reviews"
196,"Apple iPhone 14 (Yellow, 512 GB)","₹89,900","512 GB ROM15.49 cm (6.1 inch) Super Retina XDR Display12MP + 12MP | 12MP Front CameraA15 Bionic Chip, 6 Core Processor Processor1 year warranty for phone and 1 year warranty for in Box Accessories.",4.6,"3,08,434 Ratings & 11,640 Reviews"
197,"Apple iPhone 7 Plus (Jet Black, 32 GB)","₹37,900",32 GB ROM13.94 cm (5.488 inch) Retina HD Display12MP + 12MP | 7MP Front CameraApple A10 Fusion 64-bit processor and Embedded M10 Motion Co-processor1 Year Manufacturer Warranty,4.5,"29,761 Ratings & 2,976 Reviews"
198,"Apple iPhone 12 (Green, 256 GB)","₹64,900","256 GB ROM15.49 cm (6.1 inch) Super Retina XDR Display12MP + 12MP | 12MP Front CameraA14 Bionic Chip with Next Generation Neural Engine ProcessorCeramic ShieldIndustry-leading IP68 Water ResistanceAll Screen OLED Display12MP TrueDepth Front Camera with Night Mode, 4K Dolby Vision HDR Recording1 year warranty for phone and 1 year warranty for in Box Accessories.",4.6,"2,11,825 Ratings & 13,928 Reviews"
199,"Apple iPhone SE 3rd Gen (Midnight, 128 GB)","₹52,600","128 GB ROM11.94 cm (4.7 inch) Retina HD Display12MP Rear Camera | 7MP Front CameraA15 Bionic Chip, 6 Core Processor Processor1 year warranty for phone and 1 year warranty for in Box Accessories.",4.4,"1,414 Ratings & 139 Reviews"
200,"Apple iPhone SE (Red, 128 GB) (Includes EarPods, Power Adapter)","₹44,900","128 GB ROM11.94 cm (4.7 inch) Retina HD Display12MP Rear Camera | 7MP Front CameraA13 Bionic Chip with 3rd Gen Neural Engine ProcessorWater and Dust Resistant (1 meter for Upto 30 minutes, IP67)Fast Charge CapableWireless charging (Works with Qi Chargers | Qi Chargers are Sold Separately1 year warranty for phone and 1 year warranty for in Box Accessories.",4.5,"1,54,638 Ratings & 12,003 Reviews"
201,"Apple iPhone 11 (Black, 64 GB) (Includes EarPods, Power Adapter)","₹49,900",64 GB ROM15.49 cm (6.1 inch) Liquid Retina HD Display12MP + 12MP | 12MP Front CameraA13 Bionic Chip Processor1 year warranty for phone and 1 year warranty for in Box Accessories.,4.6,"2,05,762 Ratings & 11,416 Reviews"
202,"Apple iPhone XR (Coral, 128 GB) (Includes EarPods, Power Adapter)","₹52,900",128 GB ROM15.49 cm (6.1 inch) Display12MP Rear Camera | 7MP Front CameraA12 Bionic Chip ProcessoriOS 13 Compatible1 year warranty for phone and 1 year warranty for in Box Accessories.,4.6,"1,00,890 Ratings & 8,483 Reviews"
203,"Apple iPhone 13 (Green, 256 GB)","₹59,900",256 GB ROM15.49 cm (6.1 inch) Super Retina XDR Display12MP + 12MP | 12MP Front CameraA15 Bionic Chip Processor1 year warranty for phone and 1 year warranty for in Box Accessories.,4.6,"2,86,117 Ratings & 13,732 Reviews"
204,"Apple iPhone 14 Pro (Silver, 1 TB)","₹1,69,900","1 TB ROM15.49 cm (6.1 inch) Super Retina XDR Display48MP + 12MP + 12MP | 12MP Front CameraA16 Bionic Chip, 6 Core Processor Processor1 year warranty for phone and 1 year warranty for in Box Accessories.",4.7,"2,190 Ratings & 153 Reviews"
205,"Apple iPhone 14 Pro (Gold, 128 GB)","₹1,19,900","128 GB ROM15.49 cm (6.1 inch) Super Retina XDR Display48MP + 12MP + 12MP | 12MP Front CameraA16 Bionic Chip, 6 Core Processor Processor1 year warranty for phone and 1 year warranty for in Box Accessories.",4.7,"2,190 Ratings & 153 Reviews"
206,"Apple iPhone 13 (Blue, 512 GB)","₹79,900",512 GB ROM15.49 cm (6.1 inch) Super Retina XDR Display12MP + 12MP | 12MP Front CameraA15 Bionic Chip Processor1 year warranty for phone and 1 year warranty for in Box Accessories.,4.6,"2,86,117 Ratings & 13,732 Reviews"
207,"Apple iPhone 16 Plus (White, 512 GB)","₹1,19,900","512 GB ROM17.02 cm (6.7 inch) Super Retina XDR Display48MP + 12MP | 12MP Front CameraA18 Chip, 6 Core Processor Processor1 year warranty for phone and 1 year warranty for in Box Accessories.",4.7,413 Ratings & 36 Reviews
208,"Apple iPhone SE 3rd Gen (Starlight, 128 GB)","₹52,600","128 GB ROM11.94 cm (4.7 inch) Retina HD Display12MP Rear Camera | 7MP Front CameraA15 Bionic Chip, 6 Core Processor Processor1 year warranty for phone and 1 year warranty for in Box Accessories.",4.4,"1,414 Ratings & 139 Reviews"
209,"Apple iPhone 14 (Midnight, 256 GB)","₹69,900","256 GB ROM15.49 cm (6.1 inch) Super Retina XDR Display12MP + 12MP | 12MP Front CameraA15 Bionic Chip, 6 Core Processor Processor1 year warranty for phone and 1 year warranty for in Box Accessories.",4.6,"3,08,434 Ratings & 11,640 Reviews"
210,"Apple iPhone 11 (Purple, 128 GB)","₹48,900",128 GB ROM15.49 cm (6.1 inch) Liquid Retina HD Display12MP + 12MP | 12MP Front CameraA13 Bionic Chip Processor1 year warranty for phone and 1 year warranty for in Box Accessories.,4.6,"2,05,762 Ratings & 11,416 Reviews"
211,"Apple iPhone 12 mini (Red, 64 GB)","₹59,900","64 GB ROM13.72 cm (5.4 inch) Super Retina XDR Display12MP + 12MP | 12MP Front CameraA14 Bionic Chip with Next Generation Neural Engine ProcessorCeramic ShieldIndustry-leading IP68 Water ResistanceAll Screen OLED Display12MP TrueDepth Front Camera with Night Mode, 4K Dolby Vision HDR Recording1 year warranty for phone and 1 year warranty for in Box Accessories.",4.5,"1,30,626 Ratings & 10,194 Reviews"
212,"Apple iPhone 16 Pro (Desert Titanium, 1 TB)","₹1,69,900","1 TB ROM16.0 cm (6.3 inch) Super Retina XDR Display48MP + 48MP + 12MP | 12MP Front CameraA18 Pro Chip, 6 Core Processor Processor1 year warranty for phone and 1 year warranty for in Box Accessories.",4.7,531 Ratings & 33 Reviews
213,"Apple iPhone XR (Blue, 64 GB)","₹47,900","64 GB ROM15.49 cm (6.1 inch) Display12MP Rear Camera | 7MP Front CameraA12 Bionic Chip ProcessorWater and Dust Resistant (1 meter for Upto 30 minutes, IP67)Face ID for Secure AuthenticationFast-charge CapableBrand Warranty of 1 Year",4.6,"1,00,890 Ratings & 8,483 Reviews"
214,"Apple iPhone 13 Pro (Graphite, 128 GB)","₹1,19,900",128 GB ROM15.49 cm (6.1 inch) Super Retina XDR Display12MP + 12MP + 12MP | 12MP Front CameraA15 Bionic Chip Processor1 year warranty for phone and 1 year warranty for in Box Accessories.,4.7,"1,602 Ratings & 124 Reviews"
215,"Apple iPhone 13 mini ((PRODUCT)RED, 512 GB)","₹94,900",512 GB ROM13.72 cm (5.4 inch) Super Retina XDR Display12MP + 12MP | 12MP Front CameraA15 Bionic Chip Processor1 year warranty for phone and 1 year warranty for in Box Accessories.,4.5,"3,840 Ratings & 330 Reviews"
216,"Apple iPhone 14 (Purple, 128 GB)","₹59,900","128 GB ROM15.49 cm (6.1 inch) Super Retina XDR Display12MP + 12MP | 12MP Front CameraA15 Bionic Chip, 6 Core Processor Processor1 year warranty for phone and 1 year warranty for in Box Accessories.",4.6,"3,08,434 Ratings & 11,640 Reviews"
217,"Apple iPhone 12 Pro (Graphite, 256 GB)","₹1,19,900","256 GB ROM15.49 cm (6.1 inch) Super Retina XDR Display12MP + 12MP + 12MP | 12MP Front CameraA14 Bionic Chip with Next Generation Neural Engine ProcessorCeramic Shield | Industry-leading IP68 Water ResistanceAll Screen OLED DisplayLiDAR Scanner for Improved AR Experiences, Night Mode Portraits1 year warranty for phone and 1 year warranty for in Box Accessories.",4.5,"1,339 Ratings & 98 Reviews"
218,"Apple iPhone XR (Black, 64 GB) (Includes EarPods, Power Adapter)","₹47,900",64 GB ROM15.5 cm (6.102 inch) Display12MP Rear Camera | 7MP Front CameraA12 Bionic Chip ProcessoriOS 13 Compatible1 year warranty for phone and 1 year warranty for in Box Accessories.,4.6,"1,00,890 Ratings & 8,483 Reviews"
219,"Apple iPhone 12 Pro (Gold, 256 GB)","₹1,19,900","256 GB ROM15.49 cm (6.1 inch) Super Retina XDR Display12MP + 12MP + 12MP | 12MP Front CameraA14 Bionic Chip with Next Generation Neural Engine ProcessorCeramic Shield | Industry-leading IP68 Water ResistanceAll Screen OLED DisplayLiDAR Scanner for Improved AR Experiences, Night Mode Portraits1 year warranty for phone and 1 year warranty for in Box Accessories.",4.5,"1,339 Ratings & 98 Reviews"
220,"Apple iPhone 12 (White, 256 GB)","₹64,900","256 GB ROM15.49 cm (6.1 inch) Super Retina XDR Display12MP + 12MP | 12MP Front CameraA14 Bionic Chip with Next Generation Neural Engine ProcessorCeramic ShieldIndustry-leading IP68 Water ResistanceAll Screen OLED Display12MP TrueDepth Front Camera with Night Mode, 4K Dolby Vision HDR Recording1 year warranty for phone and 1 year warranty for in Box Accessories.",4.6,"2,11,825 Ratings & 13,928 Reviews"
221,"Apple iPhone 14 Plus (Blue, 512 GB)","₹86,999","512 GB ROM17.02 cm (6.7 inch) Super Retina XDR Display12MP + 12MP | 12MP Front CameraA15 Bionic Chip, 6 Core Processor Processor1 year warranty for phone and 1 year warranty for in Box Accessories.",4.6,"84,625 Ratings & 4,734 Reviews"
222,"Apple iPhone 11 (Red, 128 GB) (Includes EarPods, Power Adapter)","₹54,900",128 GB ROM15.49 cm (6.1 inch) Liquid Retina HD Display12MP + 12MP | 12MP Front CameraA13 Bionic Chip ProcessorBrand Warranty for 1 Year,4.6,"2,05,762 Ratings & 11,416 Reviews"
223,"Apple iPhone 14 Pro Max (Deep Purple, 512 GB)","₹1,64,900","512 GB ROM17.02 cm (6.7 inch) Super Retina XDR Display48MP + 12MP + 12MP | 12MP Front CameraA16 Bionic Chip, 6 Core Processor Processor1 year warranty for phone and 1 year warranty for in Box Accessories.",4.7,"2,396 Ratings & 167 Reviews"
224,"Apple iPhone 12 (Purple, 64 GB)","₹49,900","64 GB ROM15.49 cm (6.1 inch) Super Retina XDR Display12MP + 12MP | 12MP Front CameraA14 Bionic Chip with Next Generation Neural Engine ProcessorCeramic ShieldIndustry-leading IP68 Water ResistanceAll Screen OLED Display12MP TrueDepth Front Camera with Night Mode, 4K Dolby Vision HDR Recording1 year warranty for phone and 1 year warranty for in Box Accessories.",4.6,"2,11,825 Ratings & 13,928 Reviews"
225,"Apple iPhone 13 Pro Max (Silver, 1 TB)","₹1,79,900",1 TB ROM17.02 cm (6.7 inch) Super Retina XDR Display12MP + 12MP + 12MP | 12MP Front CameraA15 Bionic Chip Processor1 year warranty for phone and 1 year warranty for in Box Accessories.,4.6,"2,076 Ratings & 193 Reviews"
226,"Apple iPhone 12 (Red, 128 GB)","₹54,900","128 GB ROM15.49 cm (6.1 inch) Super Retina XDR Display12MP + 12MP | 12MP Front CameraA14 Bionic Chip with Next Generation Neural Engine ProcessorCeramic ShieldIndustry-leading IP68 Water ResistanceAll Screen OLED Display12MP TrueDepth Front Camera with Night Mode, 4K Dolby Vision HDR Recording1 year warranty for phone and 1 year warranty for in Box Accessories.",4.6,"2,11,825 Ratings & 13,928 Reviews"
227,"Apple iPhone 14 Plus (Yellow, 128 GB)","₹56,999","128 GB ROM17.02 cm (6.7 inch) Super Retina XDR Display12MP + 12MP | 12MP Front CameraA15 Bionic Chip, 6 Core Processor Processor1 year warranty for phone and 1 year warranty for in Box Accessories.",4.6,"84,625 Ratings & 4,734 Reviews"
228,"Apple iPhone 12 mini (Purple, 64 GB)","₹59,900",64 GB ROM13.72 cm (5.4 inch) Super Retina XDR Display12MP + 12MP | 12MP Front CameraA14 Bionic Chip with Next Generation Neural Engine ProcessorCeramic ShieldIP68 Water ResistanceAll Screen OLED Display1 year warranty for phone and 1 year warranty for in Box Accessories.,4.5,"1,30,626 Ratings & 10,194 Reviews"
229,"Apple iPhone SE (Red, 128 GB) (Includes EarPods, Power Adapter)","₹44,900","128 GB ROM11.94 cm (4.7 inch) Retina HD Display12MP Rear Camera | 7MP Front CameraA13 Bionic Chip with 3rd Gen Neural Engine ProcessorWater and Dust Resistant (1 meter for Upto 30 minutes, IP67)Fast Charge CapableWireless charging (Works with Qi Chargers | Qi Chargers are Sold Separately1 year warranty for phone and 1 year warranty for in Box Accessories.",4.5,"1,54,638 Ratings & 12,003 Reviews"
230,"Apple iPhone 14 Plus (Yellow, 256 GB)","₹66,999","256 GB ROM17.02 cm (6.7 inch) Super Retina XDR Display12MP + 12MP | 12MP Front CameraA15 Bionic Chip, 6 Core Processor Processor1 year warranty for phone and 1 year warranty for in Box Accessories.",4.6,"84,625 Ratings & 4,734 Reviews"
231,"Apple iPhone 11 (Yellow, 128 GB)","₹48,900",128 GB ROM15.49 cm (6.1 inch) Liquid Retina HD Display12MP + 12MP | 12MP Front CameraA13 Bionic Chip Processor1 year warranty for phone and 1 year warranty for in Box Accessories.,4.6,"2,05,762 Ratings & 11,416 Reviews"
232,"Apple iPhone 14 (Midnight, 512 GB)","₹89,900","512 GB ROM15.49 cm (6.1 inch) Super Retina XDR Display12MP + 12MP | 12MP Front CameraA15 Bionic Chip, 6 Core Processor Processor1 year warranty for phone and 1 year warranty for in Box Accessories.",4.6,"3,08,434 Ratings & 11,640 Reviews"
233,"Apple iPhone 12 mini (Black, 256 GB)","₹74,900","256 GB ROM13.72 cm (5.4 inch) Super Retina XDR Display12MP + 12MP | 12MP Front CameraA14 Bionic Chip with Next Generation Neural Engine ProcessorCeramic ShieldIndustry-leading IP68 Water ResistanceAll Screen OLED Display12MP TrueDepth Front Camera with Night Mode, 4K Dolby Vision HDR Recording1 year warranty for phone and 1 year warranty for in Box Accessories.",4.5,"1,30,626 Ratings & 10,194 Reviews"
234,"Apple iPhone 12 mini (Green, 256 GB)","₹74,900","256 GB ROM13.72 cm (5.4 inch) Super Retina XDR Display12MP + 12MP | 12MP Front CameraA14 Bionic Chip with Next Generation Neural Engine ProcessorCeramic ShieldIndustry-leading IP68 Water ResistanceAll Screen OLED Display12MP TrueDepth Front Camera with Night Mode, 4K Dolby Vision HDR Recording1 year warranty for phone and 1 year warranty for in Box Accessories.",4.5,"1,30,626 Ratings & 10,194 Reviews"
235,"Apple iPhone 11 (Red, 128 GB)","₹48,900",128 GB ROM15.49 cm (6.1 inch) Liquid Retina HD Display12MP + 12MP | 12MP Front CameraA13 Bionic Chip Processor1 year warranty for phone and 1 year warranty for in Box Accessories.,4.6,"2,05,762 Ratings & 11,416 Reviews"
236,"Apple iPhone X (Space Gray, 64 GB)","₹91,900","64 GB ROM14.73 cm (5.8 inch) Super Retina HD Display12MP + 12MP | 7MP Front CameraA11 Bionic Chip with 64-bit Architecture, Neural Engine, Embedded M11 Motion Coprocessor ProcessoriOS 13 Compatible1 year warranty for phone and 1 year warranty for in Box Accessories.",4.6,"10,959 Ratings & 862 Reviews"
237,"Apple iPhone 14 Pro Max (Space Black, 512 GB)","₹1,64,900","512 GB ROM17.02 cm (6.7 inch) Super Retina XDR Display48MP + 12MP + 12MP | 12MP Front CameraA16 Bionic Chip, 6 Core Processor Processor1 year warranty for phone and 1 year warranty for in Box Accessories.",4.7,"2,396 Ratings & 167 Reviews"
238,"Apple iPhone 15 Pro (Natural Titanium, 128 GB)","₹1,03,999","128 GB ROM15.49 cm (6.1 inch) Super Retina XDR Display48MP + 12MP + 12MP | 12MP Front CameraA17 Pro Chip, 6 Core Processor Processor1 year warranty for phone and 1 year warranty for in Box Accessories.",4.6,"2,809 Ratings & 150 Reviews"
239,"Apple iPhone XR (Coral, 64 GB)","₹47,900",64 GB ROM15.49 cm (6.1 inch) Display12MP Rear Camera | 7MP Front CameraA12 Bionic Chip ProcessorBrand Warranty of 1 Year,4.6,"1,00,890 Ratings & 8,483 Reviews"
